The Australian Signals Directorate’s Australian Cyber Security Centre (ASD's ACSC) has released updated guidance to help technology manufacturers,https://www.cyber.gov.au/about-us/view-all-content/news-and-media/secure-design-foundations,"31 Jul 2024
News",cyber security
The Australian Signals Directorate’s Australian Cyber Security Centre has released a new joint advisory with international partners. The advisory focuses on the,https://www.cyber.gov.au/about-us/view-all-content/news-and-media/prc-state-sponsored-cyber-group-apt40s-expanding-tradecraft-and-tactics,"09 Jul 2024
News",cyber security
"Secure-by-Design has released a new publication, Exploring Memory Safety in Critical Open Source Projects. The publication is co-authored",https://www.cyber.gov.au/about-us/view-all-content/news-and-media/new-secure-design-publication-about-memory-safety-released,"27 Jun 2024
News",technology
The Australian Signals Directorate’s Australian Cyber Security Centre (ASD's ACSC) has released updated guidance to help technology manufacturers,https://www.cyber.gov.au/about-us/view-all-content/news-and-media/secure-design-foundations,"31 Jul 2024
News",cyber security
The Australian Signals Directorate’s Australian Cyber Security Centre has released a new joint advisory with international partners. The advisory focuses on the,https://www.cyber.gov.au/about-us/view-all-content/news-and-media/prc-state-sponsored-cyber-group-apt40s-expanding-tradecraft-and-tactics,"09 Jul 2024
News",cyber security
"Secure-by-Design has released a new publication, Exploring Memory Safety in Critical Open Source Projects. The publication is co-authored",https://www.cyber.gov.au/about-us/view-all-content/news-and-media/new-secure-design-publication-about-memory-safety-released,"27 Jun 2024
News",technology
Small businesses can protect themselves from cyber threats. Here are some resources to help you protect yourself.,https://www.cyber.gov.au/about-us/view-all-content/news-and-media/update-your-small-business-cyber-security,"12 Jun 2024
News",cyber security
The Australian Signals Directorate has released a new Secure-by-Design advisory. The advisory was developed and co-sealed with our,https://www.cyber.gov.au/about-us/view-all-content/news-and-media/new-secure-design-publication-released-collaboration-international-partners,"15 May 2024
News",technology
Business owners and organisations can access advice from the Australian Signals Directorate (ASD),https://www.cyber.gov.au/about-us/view-all-content/news-and-media/safeguard-your-business-cyber-threats-australian-signals-directorate,"13 May 2024
News",business
